{"cameraMode":{"drawMode":0,"name":"Shaded","section":"Shading Mode"},"sceneLighting":true,"audioPlay":false,"sceneViewState":{"showFog":false,"showMaterialUpdate":false,"showSkybox":false,"showFlares":false,"showImageEffects":true,"showParticleSystems":true},"in2DMode":false,"pivot":{"x":0.06628702580928803,"y":1.3542325496673585,"z":-0.1649131178855896},"rotation":{"x":0.3831735849380493,"y":0.18294331431388856,"z":0.07771201431751251,"w":-0.9020369648933411},"size":0.15108776092529298,"orthographic":false}